Date,Adj Close,Volume,NIFTY Open,Stock Open price
4/1/2015,124.459732,650074,8483.700195,127.199997
4/6/2015,123.332298,352110,8615.799805,126.800003
4/7/2015,132.891037,2074275,8684.450195,136.800003
4/8/2015,136.22435,1811574,8698.950195,139.600006
4/9/2015,133.136139,596295,8756.200195,136.350006
4/10/2015,131.126358,458206,8774.349609,134
4/13/2015,135.734146,1635562,8801.75,138.5
4/15/2015,132.44986,525209,null,135.449997
4/16/2015,134.998856,1531908,8757.049805,137.850006
4/17/2015,129.557739,622806,8698.049805,132.5
4/20/2015,126.371483,608868,8618.799805,129.550003
4/21/2015,129.606766,795173,8416.099609,133.600006
4/22/2015,130.096954,618399,8400.400391,132.300003
4/23/2015,130.636169,722152,8478.200195,133.800003
4/24/2015,124.949921,665012,8405.700195,129.399994
4/27/2015,118.871552,551065,8330.549805,122
4/28/2015,120.244087,432764,8215.549805,123.599998
4/29/2015,120.244087,354008,8274.799805,123
4/30/2015,121.32251,441488,8224.5,125.449997
5/4/2015,121.910736,533720,8230.049805,124.800003
5/5/2015,121.910736,376443,8338.400391,124.349998
5/6/2015,119.36174,475517,8316.599609,121.800003
5/7/2015,113.871597,499436,8077,117.800003
5/8/2015,113.33239,495670,8131.5,116.800003
5/11/2015,115.78334,350839,8243.200195,118.400002
5/12/2015,111.567688,476585,8326.150391,113.800003
5/13/2015,112.695137,312890,8181.549805,116
5/14/2015,114.606873,327799,8232.450195,117.449997
5/15/2015,114.067665,413834,8240.299805,116.699997
5/18/2015,113.724541,367927,8284.950195,116.300003
5/19/2015,113.479439,423365,8356.200195,116.699997
5/20/2015,112.35199,324259,8392.650391,114.550003
5/21/2015,111.567688,277951,8434.5,114.599998
5/22/2015,111.469643,385616,8432.5,114.150002
5/25/2015,110.244171,374241,8438.150391,113
5/26/2015,109.901039,341160,8377.099609,110.400002
5/27/2015,109.165741,382591,8302.75,111.900002
5/28/2015,113.08728,1974187,8345.700195,114
5/29/2015,109.165741,749493,8327.099609,112.349998
6/1/2015,111.224548,1054954,8417.25,113.949997
6/2/2015,108.822609,490895,8442.799805,111
6/3/2015,106.07753,572247,8232.450195,109.599998
6/4/2015,105.244217,423448,8155.149902,106.900002
6/5/2015,104.705009,526235,8119.149902,107.199997
6/8/2015,104.01873,510196,8124.350098,106
6/9/2015,102.842278,381419,8026.5,105.400002
6/10/2015,103.528542,375824,8024.149902,106.900002
6/11/2015,101.95993,549763,8157.299805,104.300003
6/12/2015,100.832489,462380,7959.850098,103
6/15/2015,100.783478,435238,7986.600098,103.449997
6/16/2015,101.371696,367643,8004.200195,104.050003
6/17/2015,104.410889,664623,8084.200195,107
6/18/2015,104.214821,476257,8113.700195,107.5
6/19/2015,112.793175,3616656,8201.150391,115.75
6/22/2015,117.30294,2208545,8259.299805,120
6/23/2015,117.597038,1112159,8377.450195,120.400002
6/24/2015,117.351952,1668091,8399.400391,120.400002
6/25/2015,120.342125,868845,8336.25,122.5
6/26/2015,121.861725,1105447,8393.950195,120
6/29/2015,116.322556,860350,8247.049805,119
6/30/2015,117.84214,721425,8316.349609,120.400002
7/1/2015,122.008774,2572322,8376.25,125.400002
7/2/2015,132.596909,4120976,8471.950195,135.949997
7/3/2015,129.851837,1185583,8440.099609,129.800003
7/6/2015,135.587112,1680427,8386.150391,139
7/7/2015,134.949844,998597,8525.5,134.899994
7/8/2015,129.312622,1038395,8439.200195,132.5
7/9/2015,128.332245,422525,8364.849609,132
7/10/2015,127.449921,525383,8365.700195,131.199997
7/13/2015,131.028305,693915,8397.25,134
7/14/2015,131.420471,763059,8470.599609,134.149994
7/15/2015,133.822403,931243,8463.400391,136.75
7/16/2015,133.087112,464764,8546.150391,135.949997
7/17/2015,131.273392,606289,8623.650391,137.899994
7/20/2015,133.430267,396374,8623.900391,136
7/21/2015,134.312592,2075031,8601.5,136.399994
7/22/2015,137.645905,976002,8512.25,140.399994
7/23/2015,141.567429,1522400,8643.950195,150
7/24/2015,141.665466,2565707,8588.150391,144.699997
7/27/2015,142.057617,1256338,8492.099609,145.149994
7/28/2015,138.724319,705265,8371.099609,142.300003
7/29/2015,135.783188,569968,8365.599609,139.5
7/30/2015,136.763565,798487,8417,140.399994
7/31/2015,138.675293,903085,8456.099609,141
8/3/2015,137.057663,631864,8510.650391,139.949997
8/4/2015,146.567398,3500723,8564.099609,150.199997
8/5/2015,148.430115,2377800,8547.450195,151.850006
8/6/2015,154.900665,5235843,8585.799805,158
8/7/2015,159.312378,6853324,8580.799805,163
8/10/2015,156.665359,2116666,8577,159.800003
8/11/2015,151.959488,879097,8548.450195,156
8/12/2015,151.616348,2155711,8445.700195,155.300003
8/13/2015,150.194824,871352,8384.450195,154.149994
8/14/2015,154.900665,931839,8402.349609,158.75
8/17/2015,151.028168,604264,8530.5,155
8/18/2015,166.02803,3897871,8505.849609,167.449997
8/19/2015,164.900558,3456645,8468.049805,167
8/20/2015,157.106522,1158132,8471.049805,155.050003
8/21/2015,163.380981,2612725,8305.400391,158.100006
8/24/2015,140.145874,2999324,8055.950195,148
8/25/2015,142.008621,1887823,7895.399902,143.399994
8/26/2015,141.763519,929074,7865.25,147.800003
8/27/2015,168.086838,4448718,7921.600098,174.5
8/28/2015,163.920197,4675731,8053.700195,166.600006
8/31/2015,171.322098,5072274,8009.25,172
9/1/2015,161.51825,2337353,7907.950195,166.899994
9/2/2015,167.302505,3299757,7856.649902,172
9/3/2015,167.796173,1578011,7774.450195,169
9/4/2015,161.427933,1520660,7803.399902,164.300003
9/7/2015,154.763458,950879,7685.850098,157.899994
9/8/2015,155.503952,1425925,7587.700195,160.75
9/9/2015,156.293823,1403414,7805.850098,155
9/10/2015,154.763458,889282,7729.049805,158.300003
9/11/2015,154.269791,1088580,7833.799805,156.449997
9/14/2015,153.529312,566044,7811.100098,155.550003
9/15/2015,158.268478,2785982,7867.350098,162.899994
9/16/2015,156.639389,1300106,7886.850098,160.75
9/18/2015,154.81282,855904,7967.450195,156
9/21/2015,159.107697,957399,7911.5,161
9/22/2015,154.763458,749474,8014.799805,154.800003
9/23/2015,153.726746,753101,7737.350098,154.800003
9/24/2015,154.960922,669966,7838.399902,156.25
9/28/2015,151.060989,465347,7892.799805,150.600006
9/29/2015,150.764801,692593,7725.700195,153.600006
9/30/2015,150.814148,612220,7924.25,153.550003
10/1/2015,152.393875,950005,7992.049805,154.850006
10/5/2015,152.838181,629727,8005.100098,155.899994
10/6/2015,160.04567,2516191,8180.450195,163.25
10/7/2015,158.070999,1231217,8146.200195,160.050003
10/8/2015,161.230453,1764142,8196.75,166
10/9/2015,161.92157,1173348,8186.350098,165.5
10/12/2015,161.872208,908877,8231.5,163.25
10/13/2015,160.786163,448114,8121.950195,162.850006
10/14/2015,163.056992,2203487,8102.399902,166.75
10/15/2015,164.686096,1430446,8134.350098,167.350006
10/16/2015,167.894928,1907325,8193.650391,170.850006
10/19/2015,176.632736,3314968,8262.549805,181.699997
10/20/2015,175.645432,1865787,8280.299805,178
10/21/2015,184.136429,3478983,8258.349609,187.899994
10/23/2015,178.508667,1519448,8308.25,181.449997
10/26/2015,177.91629,1705608,8333.650391,179.25
10/27/2015,176.632736,884387,8230.349609,177.899994
10/28/2015,178.015015,1331509,8188.899902,179.899994
10/29/2015,175.546692,575876,8175.450195,178.350006
10/30/2015,173.966965,2030393,8123.549805,176.699997
11/2/2015,170.708771,3290445,8054.549805,173.899994
11/3/2015,163.846863,1100664,8086.350098,167.449997
11/4/2015,159.749466,909496,8104.899902,161.949997
11/5/2015,156.590027,896363,8030.350098,160
11/6/2015,152.295151,712916,7956.549805,149.75
11/9/2015,156.392532,816239,7788.25,157.600006
11/10/2015,154.664719,713407,7877.600098,159.449997
11/13/2015,160.687408,1004254,7762.450195,161.949997
11/16/2015,158.51532,473049,7732.950195,161.5
11/17/2015,159.749466,905380,7848.75,162
11/18/2015,157.034317,436070,7823.149902,160.399994
11/19/2015,159.453262,348244,7788.5,161.699997
11/20/2015,160.243134,473104,7841.899902,162.550003
11/23/2015,165.525314,1156894,7869.5,167.199997
11/24/2015,166.364532,684192,7837,168.25
11/26/2015,165.229141,299641,7837.149902,167.449997
11/27/2015,162.662079,356401,7910.600098,164.949997
11/30/2015,172.485977,1820630,7936.25,175.100006
12/1/2015,169.474625,930802,7958.149902,172
12/2/2015,165.179764,590431,7976.700195,165.75
12/3/2015,166.315186,639027,7902.299805,166.899994
12/4/2015,161.970947,429776,7817.600098,165.699997
12/7/2015,162.36586,262093,7816.549805,164.25
12/8/2015,157.725449,303991,7738.5,159.699997
12/9/2015,151.455933,433932,7695.5,153.850006
12/10/2015,154.763458,342467,7643.299805,157.100006
12/11/2015,152.097687,435787,7699.600098,152.75
12/14/2015,150.863525,463706,7558.200195,153.600006
12/15/2015,154.46727,445292,7659.149902,157.050003
12/16/2015,152.788803,468260,7725.25,156.149994
12/17/2015,158.317856,503518,7783.049805,160.350006
12/18/2015,157.478622,667174,7828.899902,159.800003
12/21/2015,159.4039,403470,7745.649902,162.100006
12/22/2015,158.712784,371345,7829.399902,160.75
12/23/2015,164.537979,917617,7830.450195,167.149994
12/24/2015,167.697449,884267,7888.75,168.850006
12/28/2015,165.722794,484882,7863.200195,168.699997
12/29/2015,169.523987,867471,7929.200195,172.5
12/30/2015,168.980957,969950,7938.600098,170.100006
12/31/2015,169.721451,323676,7897.799805,171.899994
1/1/2016,168.042999,335512,null,168
1/4/2016,163.303833,640187,7924.549805,166
1/5/2016,167.549332,887865,7828.399902,169.050003
1/6/2016,164.932922,638148,7788.049805,166
1/7/2016,157.034317,460114,7673.350098,160.350006
1/8/2016,160.786163,260506,7611.649902,161.5
1/11/2016,156.688736,319793,7527.450195,158.850006
1/12/2016,154.615356,285425,7587.200195,156.75
1/13/2016,146.963593,646742,7557.899902,146.050003
1/14/2016,143.261108,371161,7467.399902,146.399994
1/15/2016,133.437195,480767,7561.649902,136
1/18/2016,126.476555,561126,7420.350098,126.800003
1/19/2016,131.660019,406074,7381.799805,132.399994
1/20/2016,125.736053,346482,7357,128.600006
1/21/2016,127.118309,316591,7376.649902,131
1/22/2016,130.47522,370056,7355.700195,133.600006
1/25/2016,131.511917,276339,7468.75,134.100006
1/27/2016,132.104309,258035,7469.600098,133.800003
1/28/2016,129.636002,260243,7426.5,132.300003
1/29/2016,133.437195,429968,7413.350098,135.850006
2/1/2016,134.819458,293823,7589.5,136
2/2/2016,130.47522,903559,7566.649902,129.199997
2/3/2016,125.637321,381107,7392.450195,130
2/4/2016,121.391823,294963,7411.450195,123.5
2/5/2016,130.129669,433889,7418.25,131.5
2/8/2016,128.698044,435917,7489.700195,127.800003
2/9/2016,129.636002,322662,7303.950195,130
2/10/2016,126.032249,369071,7264.299805,126.550003
2/11/2016,119.269073,337837,7203.600098,118.599998
2/12/2016,115.714691,397515,7023.649902,117.849998
2/15/2016,123.020912,333770,7057.350098,125.349998
2/16/2016,118.3311,235764,7201.25,118.5
2/17/2016,116.652649,340777,7058.850098,119.550003
2/18/2016,117.343773,240020,7177.399902,117.150002
2/19/2016,118.183006,235656,7170.549805,120.300003
2/22/2016,120.058929,157987,7208.850098,121.949997
2/23/2016,123.810776,1008099,7240.299805,126.050003
2/24/2016,124.008232,417779,7075,126
2/25/2016,123.761398,185422,7029.850098,127.199997
2/26/2016,125.933525,469977,7039.299805,128
2/29/2016,124.106956,483355,7050.450195,126.349998
3/1/2016,129.784103,969611,7038.25,131.800003
3/2/2016,130.524597,525338,7321.700195,132.25
3/3/2016,133.437195,407600,7429.549805,135
3/4/2016,136.547302,549822,7505.399902,137.699997
3/8/2016,135.214371,325374,7486.399902,136
3/9/2016,136.053635,204196,7436.100098,137.899994
3/10/2016,133.585312,256018,7545.350098,135
3/11/2016,130.277756,264522,7484.850098,133.100006
3/14/2016,129.241058,350403,7542.600098,131.550003
3/15/2016,127.36515,332398,7535.850098,128.600006
3/16/2016,127.562599,167626,7457.049805,132.25
3/17/2016,130.672714,357749,7557.399902,132.350006
3/18/2016,129.784103,192606,7534.649902,131.800003
3/21/2016,133.190369,401204,7619.200195,135.300003
3/22/2016,134.276428,532250,7695.549805,135.899994
3/23/2016,138.02829,1035095,7717.450195,140.5
3/28/2016,134.473907,686712,7741,137
3/29/2016,135.905502,369066,7606.549805,140.5
3/30/2016,138.176361,517751,7651.100098,139.25
3/31/2016,137.485245,269793,7727.649902,138.149994
4/1/2016,137.633331,1767055,7718.049805,140.350006
4/4/2016,143.705399,1382938,7733.149902,144.300003
4/5/2016,140.496597,576934,7736.299805,143.050003
4/6/2016,148.395218,1986143,7636.049805,151
4/7/2016,146.963593,1257748,7630.399902,149.5
4/8/2016,151.209076,690799,7542.350098,153
4/11/2016,151.209076,475617,7577.799805,155.699997
4/12/2016,167.105042,5883465,7669.25,170.899994
4/13/2016,166.463287,1954199,7777.149902,169.5
4/18/2016,168.980957,1271748,7908.149902,172.199997
4/20/2016,170.659439,948254,7950.049805,173.300003
4/21/2016,166.660736,869436,7953.649902,168
4/22/2016,165.920258,446711,7891.799805,169.050003
4/25/2016,164.537979,427774,7894.799805,166.649994
4/26/2016,165.525314,440518,7828.149902,168.5
4/27/2016,169.869568,1008949,7942,171.899994
4/28/2016,168.240463,821697,7967.399902,170.5
4/29/2016,167.105042,484445,7844.25,168.850006
5/2/2016,171.350571,2031675,7822.700195,174.25
5/3/2016,169.227798,997841,7824.799805,170.550003
5/4/2016,163.106369,526508,7724.149902,166.050003
5/5/2016,162.267151,588509,7731,164
5/6/2016,164.291153,439481,7717.649902,167
5/9/2016,168.980957,712334,7755.25,171.5
5/10/2016,171.350571,704540,7873.549805,170.5
5/11/2016,176.435287,1892442,7804.649902,177.75
5/12/2016,174.756836,1078782,7871.450195,176.75
5/13/2016,171.745483,903714,7881,173.850006
5/16/2016,171.646759,591273,7831.200195,174.5
5/17/2016,176.632736,1979368,7896.850098,177.949997
5/18/2016,174.756836,758470,7846.75,176.75
5/19/2016,170.412598,633140,7875.5,173
5/20/2016,169.425262,533686,7792.200195,173
5/23/2016,164.932922,582561,7813.950195,167.949997
5/24/2016,169.079712,805185,7738.049805,173.050003
5/25/2016,171.498642,2727928,7811.799805,174
5/26/2016,171.251816,788164,7974.450195,174.050003
5/27/2016,170.906265,627079,8081.950195,173.800003
5/30/2016,171.548019,342610,8166.5,174.449997
5/31/2016,172.485977,694533,8209.849609,176
6/1/2016,172.634094,1170590,8179.200195,174.949997
6/2/2016,171.597382,482458,8156.899902,174.699997
6/3/2016,168.684784,473454,8246.200195,169.199997
6/6/2016,170.758163,555928,8228.75,173.699997
6/7/2016,169.672104,373098,8235.549805,172.699997
6/8/2016,169.721451,695656,8285.5,172.25
6/9/2016,169.672104,330039,8273.349609,173.100006
6/10/2016,174.954285,2086414,8180.25,175.149994
6/13/2016,179.44664,1761206,8102.25,183
6/14/2016,178.409943,1472415,8134.399902,181.949997
6/15/2016,179.644104,1244985,8139.399902,181.5
6/16/2016,176.435287,814850,8180.649902,179.399994
6/17/2016,174.164413,647030,8176.649902,177.399994
6/20/2016,180.976974,1323659,8115.75,184.699997
6/21/2016,179.841553,815997,8255.400391,185
6/22/2016,205.018387,21562785,8213.650391,208.050003
6/23/2016,201.760223,7565731,8201.150391,192
6/24/2016,206.894318,7160036,8029.100098,210
6/27/2016,215.533432,6863695,8039.350098,219.399994
6/28/2016,216.372635,3687899,8096.049805,220.399994
6/29/2016,219.482742,2289761,8173.100098,223.899994
6/30/2016,217.113144,1875433,8260.25,221.899994
7/1/2016,220.321945,4258938,8313.049805,225
7/4/2016,219.235901,1834883,8376.75,222.100006
7/5/2016,219.976379,1673335,8379.299805,223.600006
7/7/2016,215.730881,1223650,8342,219.100006
7/8/2016,216.816971,1191471,8350,222.199997
7/11/2016,216.965042,1043945,8413.349609,220.850006
7/12/2016,223.4814,1729354,8502.599609,229.699997
7/13/2016,234.638199,5786608,8540.450195,240.100006
7/14/2016,237.846985,2462502,8515.75,242
7/15/2016,232.515457,1017625,8565.450195,237.449997
7/18/2016,233.157196,817828,8564.049805,237
7/19/2016,235.822998,696881,8514.299805,240.600006
7/20/2016,245.350693,2421482,8515.450195,250.949997
7/21/2016,248.411407,1691581,8582.700195,251
7/22/2016,245.301315,902393,8519.650391,248.800003
7/25/2016,252.113892,1555858,8519.950195,257.899994
7/26/2016,247.226608,1284899,8633.75,252.699997
7/27/2016,250.040497,1031348,8599.400391,254.550003
7/28/2016,256.161926,5786043,8636.950195,260.649994
7/29/2016,259.173279,2877199,8668.299805,264.950012
8/1/2016,255.322678,1484989,8654.299805,260
8/2/2016,264.603546,2637231,8647.450195,268.700012
8/3/2016,262.233948,1079733,8635.200195,268
8/4/2016,259.173279,1189169,8599.950195,264.100006
8/5/2016,260.259338,598561,8600.200195,265.600006
8/8/2016,258.235291,525289,8712.849609,262.799988
8/9/2016,257.642914,698585,8727.799805,262
8/10/2016,256.704926,991642,8686.700195,260.950012
8/11/2016,301.134674,13075362,8572.799805,304
8/12/2016,295.803101,6365901,null,300.799988
8/16/2016,301.134674,3969531,8670.25,306.299988
8/17/2016,308.194031,2421199,8639.799805,314.899994
8/18/2016,309.47757,1938737,8648.849609,314
8/19/2016,301.875122,1120128,8694.299805,307.100006
8/22/2016,311.995209,4251875,8667,316.399994
8/23/2016,322.707733,4964057,8628.349609,328
8/24/2016,313.624329,2520706,8648.5,319
8/25/2016,325.27478,4395322,8668.849609,329
8/26/2016,318.610352,1431589,8614.349609,323.200012
8/29/2016,317.079987,1275052,8583.75,322.399994
8/30/2016,322.065979,1602734,8646.75,328.5
8/31/2016,321.3255,2194443,8754.049805,326.399994
9/1/2016,326.212738,2629514,8793.599609,332.399994
9/2/2016,328.286102,1495485,8796.349609,333.799988
9/6/2016,329.569641,1061981,8852.700195,335.25
9/7/2016,333.222778,1919666,8968.700195,338.700012
9/8/2016,339.068817,1188552,8915.5,342.950012
9/9/2016,363.344635,7203999,8934.299805,354.100006
9/12/2016,348.432281,3125540,8732.950195,350.600006
9/14/2016,349.472717,1483791,8710.650391,354.850006
9/15/2016,342.487183,1245246,8743.849609,347.850006
9/16/2016,341.89267,1440088,8780.849609,348
9/19/2016,345.558807,1061089,8788.450195,351
9/20/2016,363.493225,5495696,8816.099609,366.899994
9/21/2016,366.019867,2788170,8790.299805,373.399994
9/22/2016,379.198212,3423748,8873.349609,383.75
9/23/2016,377.216492,1228047,8880.75,378
9/26/2016,371.667725,1138704,8807.900391,375.450012
9/27/2016,379.792694,3672759,8748.900391,384
9/28/2016,383.211121,1460179,8711.200195,388
9/29/2016,362.304199,3626931,8792.700195,365
9/30/2016,372.163147,1655898,8581.5,383.399994
10/3/2016,403.176727,5599743,8666.150391,408
10/4/2016,404.960297,2460624,8770,410.799988
10/5/2016,398.668365,1211874,8806.349609,404.75
10/6/2016,386.233215,1279047,8768.700195,392.5
10/7/2016,395.646301,1609544,8721.700195,403
10/10/2016,394.308655,1139672,8735.349609,393
10/13/2016,381.427582,1210028,8671.5,388.399994
10/14/2016,382.517548,671739,8594,386
10/17/2016,388.462646,985147,8612.950195,394
10/18/2016,386.035034,638916,8556.049805,391.049988
10/19/2016,382.963409,619564,8697.5,388
10/20/2016,383.706543,817805,8693.349609,388.5
10/21/2016,393.615051,1956844,8708.599609,397.899994
10/24/2016,394.308655,1428623,8709.849609,397.5
10/25/2016,391.732422,502899,8721.700195,394.600006
10/26/2016,397.727081,2141745,8657.299805,403
10/27/2016,375.581573,5522916,8607.099609,382
10/28/2016,371.816376,1227979,8625,378
11/1/2016,375.977966,1217783,8653.150391,373.399994
11/2/2016,368.74472,3177947,8542.799805,374
11/3/2016,368.199768,1826502,8499.849609,374
11/4/2016,348.779114,1361991,8503.599609,360.049988
11/7/2016,354.27829,693282,8535.75,360.799988
11/8/2016,343.676239,657710,8540,299
11/9/2016,329.655731,1717022,8067.5,342
11/10/2016,350.562592,1227643,8555.599609,350
11/11/2016,331.63739,816555,8456.650391,335
11/15/2016,296.363159,1093624,8284.849609,307
11/16/2016,298.295258,987574,8205.650391,303
11/17/2016,296.363159,504749,8105.100098,303.899994
11/18/2016,298.64209,936451,8097.549805,303.649994
11/21/2016,280.757263,833018,8102.100098,285.149994
11/22/2016,289.278595,1556945,7989.149902,298.700012
11/23/2016,298.69165,1508773,8051.200195,300
11/24/2016,294.827301,712733,8011.799805,300
11/25/2016,306.420258,1267568,8007.950195,308.200012
11/28/2016,315.981964,1674151,8080.649902,320
11/29/2016,317.369141,1093476,8131.549805,323
11/30/2016,319.747192,1041917,8172.149902,324.899994
12/1/2016,316.031525,757011,8244,316
12/2/2016,310.680908,489771,8153.549805,314.549988
12/5/2016,318.013245,726691,8088.75,322.899994
12/6/2016,316.774658,437501,8153.149902,321.649994
12/7/2016,316.526947,585863,8168.399902,324.899994
12/8/2016,322.620697,768001,8152.100098,326.5
12/9/2016,323.26474,590532,8271.700195,326.049988
12/12/2016,316.824188,459527,8230.650391,320
12/13/2016,316.378296,1984127,8196.150391,320.399994
12/14/2016,311.770844,368067,8229.349609,309
12/15/2016,316.180115,669926,8128.399902,319.899994
12/16/2016,310.532288,521532,8178.200195,313.799988
12/19/2016,303.100922,399145,8126,304.100006
12/20/2016,295.372314,476623,8110.600098,299.850006
12/21/2016,283.680267,1157966,8105.850098,282
12/22/2016,284.621582,953137,8043.850098,286.100006
12/23/2016,287.544617,1033836,7972.5,288
12/26/2016,276.892975,518588,7965.100098,281
12/27/2016,286.306061,662807,7915.049805,290.200012
12/28/2016,287.247314,529442,8047.549805,292
12/29/2016,289.972137,587860,8030.600098,294.75
12/30/2016,293.985107,740082,8119.649902,298.950012
1/2/2017,317.815033,2996742,8210.099609,321.5
1/3/2017,323.661041,1859220,8196.049805,326.700012
1/4/2017,318.360016,696439,8202.650391,322.700012
1/5/2017,326.534485,1123767,8226.650391,331.149994
1/6/2017,325.246429,862494,8281.849609,329
1/9/2017,321.035278,441094,8259.349609,325.700012
1/10/2017,334.015442,1560848,8262.700195,341.100006
1/11/2017,356.50769,3587195,8327.799805,360.799988
1/12/2017,353.386566,951588,8391.049805,357.25
1/13/2017,355.516876,1037527,8457.650391,356.299988
1/16/2017,357.399536,722460,8390.950195,364
1/17/2017,363.493225,1314218,8415.049805,368
1/18/2017,364.038177,1092129,8403.849609,367
1/19/2017,358.24173,440153,8418.400391,360.700012
1/20/2017,343.478058,589563,8404.349609,348.649994
1/23/2017,355.715057,946360,8329.599609,363.149994
1/24/2017,360.52066,1242443,8407.049805,366.25
1/25/2017,360.817902,640139,8499.450195,365.100006
1/27/2017,367.902466,1318307,8610.5,372.200012
1/30/2017,365.970367,674434,8635.549805,371
1/31/2017,360.272949,446267,8629.450195,365
2/1/2017,376.324707,1970564,8570.349609,379.700012
2/2/2017,371.618164,592607,8724.75,372.549988
2/3/2017,376.770569,1321966,8735.150391,384.600006
2/6/2017,379.644043,780934,8785.450195,383.399994
2/7/2017,390.692017,1822249,8805.700195,395.799988
2/8/2017,386.183655,792070,8774.549805,392.799988
2/9/2017,389.552582,3988702,8795.549805,394.799988
2/10/2017,386.728638,852371,8812.349609,392
2/13/2017,378.256866,631353,8819.799805,384.149994
2/14/2017,381.080841,578831,8819.900391,384.75
2/15/2017,403.870361,5729740,8778.950195,403.850006
2/16/2017,406.099762,2401487,8739,411.799988
2/17/2017,405.108917,1650962,8883.700195,407
2/20/2017,407.63559,785166,8818.549805,411.950012
2/21/2017,415.85965,1825599,8890.75,420
2/22/2017,421.259735,1517007,8931.599609,423.950012
2/23/2017,416.751404,801021,8956.400391,422.299988
2/27/2017,449.697144,3623164,8943.700195,456
2/28/2017,444.94104,1516538,8898.950195,450.899994
3/1/2017,457.475342,1981645,8904.400391,461
3/2/2017,454.998199,1756805,8982.849609,459.049988
3/3/2017,484.723694,5608979,8883.5,491.649994
3/6/2017,481.305237,1779592,8915.099609,487.100006
3/7/2017,490.024719,3506975,8977.75,493
3/8/2017,489.430237,2043508,8950.700195,493.100006
3/9/2017,491.610077,816073,8914.5,500.899994
3/10/2017,504.986542,3109513,8953.700195,524.900024
3/14/2017,514.696838,1221469,9091.650391,519
3/15/2017,515.440002,844678,9086.849609,523.599976
3/16/2017,514.102356,614651,9129.650391,519.950012
3/17/2017,509.643494,668846,9207.799805,516.950012
3/20/2017,516.084045,1303530,9166.950195,521.450012
3/21/2017,522.227295,1103503,9133.950195,524.400024
3/22/2017,516.97583,615400,9047.200195,527
3/23/2017,526.388855,1196281,9048.75,531.25
3/24/2017,523.06958,529161,9104,526.099976
3/27/2017,517.917175,444563,9093.450195,521.599976
3/28/2017,518.759338,439214,9081.5,524
3/29/2017,525.05127,739699,9128.700195,530.549988
3/30/2017,530.253235,1186843,9142.599609,539.5
3/31/2017,533.820313,1392705,9158.900391,545.099976
4/3/2017,532.581726,971485,9220.599609,538.950012
4/5/2017,533.077148,720207,9264.400391,535
4/6/2017,525.10083,507869,9245.799805,527
4/7/2017,517.421753,735016,9223.700195,523.450012
4/10/2017,540.310303,1777593,9225.599609,548
4/11/2017,545.61145,1855162,9184.549805,551.900024
4/12/2017,541.202148,745924,9242.5,544
4/13/2017,540.855225,966585,9202.5,545
4/17/2017,545.958252,940808,9144.75,555
4/18/2017,536.594604,816109,9163,544
4/19/2017,541.003967,664523,9112.200195,548.5
4/20/2017,543.035156,449421,9108.099609,548.049988
4/21/2017,551.308777,1364102,9179.099609,556.400024
4/24/2017,545.61145,469874,9135.349609,552.25
4/25/2017,546.701355,625515,9273.049805,555.25
4/26/2017,544.521484,1037251,9336.200195,548.900024
4/27/2017,541.301147,428819,9359.150391,548.950012
4/28/2017,542.490173,506236,9340.950195,555
5/2/2017,559.483337,1944733,9339.849609,568
5/3/2017,563.446716,1136352,9344.700195,568
5/4/2017,563.496216,629251,9360.950195,569.900024
5/5/2017,587.177551,2122966,9374.549805,595
5/8/2017,597.085999,2522025,9311.450195,605
5/9/2017,595.203369,787285,9337.349609,604.700012
5/10/2017,628.347412,6644012,9339.650391,634.75
5/11/2017,640.980774,3743045,9448.599609,645
5/12/2017,640.881531,1222897,9436.650391,651
5/15/2017,642.863281,1087779,9433.549805,651
5/16/2017,649.898376,758003,9461,653.25
5/17/2017,647.867065,557095,9517.599609,649
5/18/2017,629.784058,571770,9453.200195,640
5/19/2017,634.242859,676817,9469.900391,645
5/22/2017,611.552429,741234,9480.25,621.5
5/23/2017,590.199585,1185709,9445.049805,588.599976
5/24/2017,595.748352,1543605,9410.900391,608.700012
5/25/2017,624.433472,957634,9384.049805,635.049988
5/26/2017,636.819153,1279579,9507.75,644
5/29/2017,665.10791,5471956,9560.049805,674
5/30/2017,662.828857,2103429,9590.650391,670.950012
5/31/2017,686.609314,2439108,9636.549805,697
6/1/2017,686.361572,2101901,9603.549805,695
6/2/2017,709.795227,2350526,9657.150391,720
6/5/2017,738.430786,2988123,9656.299805,750
6/6/2017,744.623535,3572366,9704.25,757.549988
6/7/2017,745.515381,1997953,9663.950195,756
6/8/2017,742.443665,868066,9682.400391,749.700012
6/9/2017,741.849182,1369519,9638.549805,754.450012
6/12/2017,734.368286,1927109,9646.700195,747
6/13/2017,734.516846,700510,9615.549805,744.900024
6/14/2017,710.439209,2420797,9621.549805,719
6/15/2017,702.611511,1915090,9617.900391,714
6/16/2017,703.106995,2150450,9595.450195,711.099976
6/19/2017,701.372925,1903137,9626.400391,712.900024
6/20/2017,718.019226,2153796,9670.5,726
6/21/2017,712.024597,1391854,9648.099609,719.450012
6/22/2017,702.661133,813848,9642.650391,709.900024
6/23/2017,671.845642,1719292,9643.25,678.099976
6/27/2017,644.745911,1729471,9594.049805,644.900024
6/28/2017,648.560669,1791112,9520.200195,660.200012
6/29/2017,657.329651,1767053,9522.950195,660
6/30/2017,639.246704,1455009,9478.5,639
7/3/2017,669.715332,3009695,9587.950195,681
7/4/2017,656.437927,1690941,9645.900391,666
7/5/2017,661.986633,1328384,9619.75,669
7/6/2017,665.15741,1576264,9653.599609,671
7/7/2017,666.395935,815924,9670.349609,676.099976
7/10/2017,667.783142,117811,9719.299805,674.099976
7/11/2017,673.282349,1793400,9797.450195,682
7/12/2017,674.520935,788091,9807.299805,684.200012
7/13/2017,666.098694,1567392,9855.799805,676
7/14/2017,669.764893,969607,9913.299805,677
7/17/2017,663.373901,445405,9908.150391,669.400024
7/18/2017,650.7901,912930,9832.700195,656
7/19/2017,647.322083,911160,9855.950195,655.700012
7/20/2017,654.208496,1076389,9920.200195,662.700012
7/21/2017,648.362488,950531,9899.599609,655.5
7/24/2017,647.817505,595750,9936.799805,657
7/25/2017,640.138428,803772,10010.54981,648.950012
7/26/2017,644.894531,606158,9983.650391,654.599976
7/27/2017,635.580566,845089,10063.25,638
7/28/2017,662.977539,4054433,9996.549805,672.450012
7/31/2017,663.22522,1081740,10034.7002,672
8/1/2017,694.635193,4670857,10101.04981,707
8/2/2017,688.392883,2028839,10136.29981,697.900024
8/3/2017,671.20166,961756,10081.15039,678.599976
8/4/2017,664.959167,1002305,10008.59961,674.950012
8/7/2017,666.544617,1162293,10074.79981,674
8/8/2017,645.290894,943547,10068.34961,647.799988
8/9/2017,630.329041,1526529,9961.150391,629
8/10/2017,582.718689,1993930,9872.849609,569
8/11/2017,586.979431,4423523,9712.150391,604
8/14/2017,605.954163,1071440,9755.75,614
8/16/2017,633.351196,2358212,9825.849609,645.950012
8/17/2017,623.591248,1318278,9945.549805,626.700012
8/18/2017,621.064575,1046962,9865.950195,630
8/21/2017,595.649292,1046873,9864.25,603.5
8/22/2017,594.757568,1281052,9815.75,603.299988
8/23/2017,607.53949,878847,9803.049805,613
8/24/2017,608.282654,870489,9881.200195,616.849976
8/28/2017,613.831421,607889,9907.150391,617.400024
8/29/2017,598.423706,693578,9886.400391,608.849976
8/30/2017,615.416687,857368,9859.5,623.400024
8/31/2017,641.377014,1867699,9905.700195,649.950012
9/1/2017,644.250427,3004492,9937.650391,647.950012
9/4/2017,639.841187,1312869,9984.150391,645.799988
9/5/2017,644.349609,910687,9933.25,646.849976
9/6/2017,645.290894,1113667,9899.25,655.549988
9/7/2017,653.235962,984817,9945.849609,660.799988
9/8/2017,648.468933,993321,9958.650391,658.700012
9/11/2017,653.980835,852497,9971.75,661.700012
9/12/2017,672.602112,1625254,10056.84961,680
9/13/2017,662.472168,1002400,10099.25,669.700012
9/14/2017,666.196411,652097,10107.40039,666
9/15/2017,663.961853,1934057,10062.34961,675
9/18/2017,662.422485,862112,10133.09961,668.75
9/19/2017,672.800781,1225492,10175.59961,682
9/20/2017,667.487488,554039,10160.9502,673.849976
9/21/2017,663.66394,493372,10139.59961,664
9/22/2017,631.833862,985501,10094.34961,628.599976
9/25/2017,616.390625,1093123,9960.099609,618
9/26/2017,640.027283,1121409,9875.25,649
9/27/2017,632.628357,918575,9920.599609,635
9/28/2017,631.53595,965045,9736.400391,642.599976
9/29/2017,655.122925,1250783,9814.299805,665.950012
10/3/2017,654.229126,1635344,9893.299805,661
10/4/2017,652.242859,559693,9884.349609,659
10/5/2017,661.081787,728828,9927,666.599976
10/6/2017,692.415222,3070339,9908.150391,701
10/9/2017,689.783386,929766,9988.200195,698.799988
10/10/2017,693.30896,1262407,10013.7002,701.599976
10/11/2017,686.456421,1027430,10042.59961,696.75
10/12/2017,695.692566,627456,10011.2002,702.900024
10/13/2017,705.474915,2163150,10123.7002,712.400024
10/16/2017,717.19397,1438699,10207.40039,722
10/17/2017,722.407959,1063802,10227.65039,726.799988
10/18/2017,728.217834,810707,10209.40039,733
10/19/2017,714.810486,157938,10210.34961,719.75
10/23/2017,719.676819,562876,10176.65039,729
10/24/2017,729.061951,753924,10218.54981,740
10/25/2017,726.926697,678237,10321.15039,727.650024
10/26/2017,717.045044,456061,10291.79981,728.950012
10/27/2017,733.332458,1229097,10362.29981,742
10/30/2017,767.198425,1399110,10353.84961,781.5
10/31/2017,754.933228,3481849,10364.90039,766
11/1/2017,735.86499,2284341,10390.34961,742
11/2/2017,724.94043,1131030,10440.5,733.599976
11/3/2017,719.527893,826974,10461.54981,724.349976
11/6/2017,709.944031,758745,10431.75,715
11/7/2017,700.559021,1218520,10477.15039,706
11/8/2017,695.295288,1133336,10361.9502,705
11/9/2017,707.808899,1401584,10358.65039,714.650024
11/10/2017,693.607056,901846,10304.34961,702
11/13/2017,680.646545,780944,10322,682
11/14/2017,702.247253,1296961,10223.40039,707.099976
11/15/2017,684.817688,845515,10171.9502,695.799988
11/16/2017,689.038513,654289,10152.90039,700
11/17/2017,689.038513,608440,10324.54981,698.400024
11/20/2017,687.598511,486007,10287.2002,698
11/21/2017,690.875916,991278,10329.25,697
11/22/2017,688.93927,964345,10350.79981,697.200012
11/23/2017,683.129395,788153,10358.4502,690
11/24/2017,679.256165,504541,10366.79981,681.650024
11/27/2017,687.598511,487011,10361.04981,692.349976
11/28/2017,683.675659,423886,10387.90039,688.799988
11/29/2017,698.671997,870549,10376.65039,707
11/30/2017,713.32074,2155546,10332.7002,730
12/1/2017,685.463257,5151443,10263.7002,692
12/4/2017,655.718811,2188086,10175.04981,659
12/5/2017,657.804382,1459902,10118.25,660
12/6/2017,643.652161,1170625,10088.79981,648.5
12/7/2017,659.939636,947464,10063.4502,676
12/8/2017,674.886353,1662662,10198.4502,680
12/11/2017,673.247681,943652,10310.5,676.900024
12/12/2017,671.460022,828658,10324.90039,675.950012
12/13/2017,664.706726,581315,10236.59961,674.5
12/14/2017,657.903687,663957,10229.29981,667
12/15/2017,690.925537,1920282,10345.65039,686
12/18/2017,698.225037,1571129,10263.09961,709.700012
12/19/2017,721.414856,1236560,10414.79981,728.5
12/20/2017,731.5448,1426227,10494.40039,737.5
12/21/2017,730.750305,545337,10473.9502,738.700012
12/22/2017,739.936829,876252,10457.29981,745.150024
12/26/2017,750.017212,668742,10512.29981,755.200012
12/27/2017,741.476196,457729,10531.04981,746.599976
12/28/2017,766.850891,1749430,10498.2002,774
12/29/2017,782.045898,2365718,10492.34961,787.849976
1/1/2018,769.035706,1246643,null,780.150024
1/2/2018,767.446716,1223201,10477.54981,777.099976
1/3/2018,767.645386,991960,10482.65039,776.400024
1/4/2018,783.138306,1428979,10469.40039,790
1/5/2018,789.643311,1289966,10534.25,791
1/8/2018,773.405579,1484623,10591.7002,784.049988
1/9/2018,788.848816,1528277,10645.09961,798.5
1/10/2018,779.761658,472943,10652.04981,786.5
1/11/2018,807.569519,2240113,10637.04981,820.5
1/12/2018,807.321228,1811869,10682.54981,815
1/15/2018,798.631226,594616,10718.5,804
1/16/2018,787.657043,926614,10761.5,786.25
1/17/2018,790.239197,690471,10702.4502,800
1/18/2018,751.854431,953636,10873.40039,760
1/19/2018,767.148804,780987,10829.2002,776
1/22/2018,781.102356,604931,10883.2002,787.099976
1/23/2018,805.036926,1807433,10997.40039,809
1/24/2018,817.103577,2571332,11069.34961,823.900024
1/25/2018,831.156494,2591533,11095.59961,841
1/29/2018,828.028076,1052134,11079.34961,836.950012
1/30/2018,827.18396,1087943,11120.84961,831
1/31/2018,806.179077,2953781,11018.79981,814.950012
2/1/2018,866.959045,7862360,11044.54981,869
2/2/2018,854.743469,3880187,10938.2002,840
2/5/2018,872.917908,1535096,10604.29981,850
2/6/2018,885.530762,2966125,10295.15039,914
2/7/2018,905.741089,3078865,10607.2002,912
2/8/2018,900.576721,1312194,10518.5,875
2/9/2018,904.450012,1581578,10416.5,912
2/12/2018,895.31311,1093389,10518.2002,907
2/14/2018,881.607849,1003321,10585.75,893
2/15/2018,867.604614,1447481,10537.90039,877
2/16/2018,871.626831,926593,10596.2002,880
2/19/2018,852.161316,3267442,10488.90039,860.5
2/20/2018,846.699036,1131137,10391,861.200012
2/21/2018,852.359985,1101407,10426,859.700012
2/22/2018,865.419739,1464051,10354.34961,879
2/23/2018,872.570251,1131810,10408.09961,886.599976
2/26/2018,880.763672,984143,10526.54981,890
2/27/2018,864.724487,926636,10615.2002,868.5
2/28/2018,886.722473,1385116,10488.9502,904.299988
3/1/2018,878.976013,1725774,10479.9502,882
3/5/2018,866.710754,592793,10428.29981,879
3/6/2018,855.587646,1025518,10420.5,856.299988
3/7/2018,832.099915,997183,10232.9502,845
3/8/2018,849.479797,1013611,10216.25,862.700012
3/9/2018,845.606628,501428,10271.29981,858
3/12/2018,851.664734,647041,10301.59961,857
3/13/2018,848.536377,626822,10389.5,845.349976
3/14/2018,838.35675,784293,10393.04981,844.5
3/15/2018,841.485107,1158506,10405.4502,845
3/16/2018,824.750732,1447711,10345.15039,834
3/19/2018,821.969971,764926,10215.34961,821
3/20/2018,820.927185,545053,10051.54981,828
3/21/2018,820.529907,954676,10181.9502,828
3/22/2018,803.894836,545598,10167.5,794.150024
3/23/2018,790.388184,608761,9968.799805,798.900024
3/26/2018,800.766479,726742,9989.150391,815.900024
3/27/2018,819.238892,1012400,10188,823
3/28/2018,812.485474,634190,10143.59961,828.700012
4/2/2018,876.443481,2993082,10151.65039,879.400024
4/3/2018,879.273987,1560555,10186.84961,891.299988
4/4/2018,866.61145,1535824,10274.59961,890
4/5/2018,885.828674,807856,10228.4502,892
4/6/2018,901.917542,1167829,10322.75,912.450012
4/9/2018,898.640137,1272935,10333.7002,909.599976
4/10/2018,880.515381,753807,10412.90039,888
4/11/2018,900.378174,1090038,10428.15039,903.950012
4/12/2018,899.434692,740361,10410.65039,913
4/13/2018,939.70636,3873168,10495.29981,935.900024
4/16/2018,966.521057,2749426,10398.29981,978
4/17/2018,969.599792,2683626,10557.29981,979.799988
4/18/2018,957.731812,963565,10578.90039,965.549988
4/19/2018,960.214661,948964,10563.65039,962
4/20/2018,955.397888,694171,10560.34961,965
4/23/2018,951.127441,802061,10592.79981,960
4/24/2018,933.350281,1041263,10578.09961,940
4/25/2018,936.875916,1569407,10612.40039,943.349976
4/26/2018,953.80896,1050803,10586.5,970.950012
4/27/2018,968.159729,2073396,10651.65039,980
4/30/2018,997.407654,1417783,10705.75,1010
5/2/2018,980.92157,1295460,10783.84961,980.200012
5/3/2018,963.591309,521298,10720.15039,966.5
5/4/2018,965.279663,775228,10700.4502,973.549988
5/7/2018,982.709229,651452,10653.15039,989.5
5/8/2018,970.543274,548846,10757.90039,980
5/9/2018,959.469788,717939,10693.34961,969.900024
5/10/2018,941.990601,860840,10779.65039,950.099976
5/11/2018,940.798828,508454,10741.9502,952
5/14/2018,933.10199,1769596,10815.15039,939.5
5/15/2018,934.889648,818575,10812.59961,937.900024
5/16/2018,950.18396,1543516,10751.9502,964.900024
5/17/2018,945.069275,3580538,10775.59961,955.900024
5/18/2018,870.385437,3518818,10671.84961,869
5/21/2018,875.897278,2413284,10616.7002,884
5/22/2018,884.984497,938115,10518.4502,894.450012
5/23/2018,868.746765,1054391,10521.09961,882.799988
5/24/2018,884.190002,855810,10464.84961,889.5
5/25/2018,910.061157,1434058,10533.04981,925.400024
5/28/2018,918.055969,1056721,10648.34961,924.900024
5/29/2018,924.759644,1596733,10689.40039,925
5/30/2018,927.888,1060505,10579,941.5
5/31/2018,926.050781,1398441,10670.09961,940.700012
6/1/2018,928.235657,1830211,10738.4502,937.400024
6/4/2018,887.616333,1090743,10765.9502,886
6/5/2018,884.934875,1643004,10630.7002,891.5
6/6/2018,892.482727,1118827,10603.4502,904
6/7/2018,908.869507,845925,10722.59961,912.799988
6/8/2018,913.586914,707240,10736.40039,922
6/11/2018,911.848938,496222,10781.84961,921.700012
6/12/2018,916.665588,432436,10816.15039,926.900024
6/13/2018,909.167419,556126,10887.5,915
6/14/2018,921.73053,622568,10832.90039,928.950012
6/15/2018,909.912292,669906,10808.65039,913
6/18/2018,906.287292,562221,10830.2002,906.849976
6/19/2018,889.6026,639701,10789.4502,895.75
6/20/2018,899.682983,658301,10734.65039,899
6/21/2018,882.99823,788499,10808.4502,887
6/22/2018,889.850891,942267,10742.7002,893
6/25/2018,870.286072,596358,10822.90039,873
6/26/2018,875.500061,588138,10742.7002,882.049988
6/27/2018,850.472961,625948,10785.5,850
6/28/2018,820.331238,982486,10660.79981,839.849976
6/29/2018,865.66803,1249909,10612.84961,872
7/2/2018,867.058411,1360950,10732.34961,869.900024
7/3/2018,860.801636,1094017,10668.59961,866
7/4/2018,873.911011,688067,10715,879.950012
7/5/2018,859.212585,611752,10786.04981,864.700012
7/6/2018,873.613098,1107136,10744.15039,886.549988
7/9/2018,886.374878,1155383,10838.29981,897.599976
7/10/2018,884.58728,498084,10902.75,890.799988
7/11/2018,871.875122,546032,10956.40039,885.799988
7/12/2018,889.701904,1466554,11006.9502,899
7/13/2018,902.463745,1491404,11056.90039,907.950012
7/16/2018,869.392273,1367756,11018.9502,869.900024
7/17/2018,887.268738,861152,10939.65039,893.5
7/18/2018,855.488342,784017,11060.2002,861.400024
7/19/2018,836.072449,1159601,10999.5,838.400024
7/20/2018,842.329346,1040743,10963.5,848.200012
7/23/2018,850.721252,790358,11019.84961,856.599976
7/24/2018,864.923157,751986,11109,875.700012
7/25/2018,880.217468,1679599,11148.40039,887
7/26/2018,882.99823,1025795,11132.9502,890.700012
7/27/2018,915.175903,1951632,11232.75,928
7/30/2018,901.66925,3459016,11296.65039,911
7/31/2018,921.680908,3342488,11311.04981,929.099976
8/1/2018,899.831909,1865603,11359.79981,901.799988
8/2/2018,898.04425,881414,11328.90039,906
8/3/2018,893.078552,820739,11297.79981,905
8/6/2018,874.010376,874521,11401.5,882.099976
8/7/2018,867.703918,1086140,11423.15039,874.900024
8/8/2018,870.484741,1040259,11412.5,876.5
8/9/2018,872.719299,765431,11493.25,880
8/10/2018,859.311951,559991,11474.9502,860
8/13/2018,850.42334,668530,11369.59961,860
8/14/2018,869.78949,998987,11381.7002,875.950012
8/16/2018,863.532776,824478,11397.15039,870
8/17/2018,863.334106,688681,11437.15039,874
8/20/2018,885.083801,1623821,11502.09961,897.700012
8/21/2018,893.376465,1407121,11576.2002,900.799988
8/23/2018,882.427612,758831,11620.7002,884.900024
8/24/2018,887.503967,720857,11566.59961,893
8/27/2018,884.468079,621620,11605.84961,892.799988
8/28/2018,891.186707,1660001,11731.9502,896
8/29/2018,890.639282,844911,11744.9502,894.799988
8/30/2018,875.062073,1292330,11694.75,882.25
8/31/2018,865.70575,847932,11675.84961,868
9/3/2018,828.081543,1945000,11751.79981,828.049988
9/4/2018,801.406189,1611881,11598.75,798
9/5/2018,789.063782,2076624,11514.84961,799
9/6/2018,784.833557,1414443,11514.15039,793.950012
9/7/2018,793.592651,1325479,11558.25,794
9/10/2018,769.40564,781468,11570.25,768.950012
9/11/2018,764.677734,1009547,11476.84961,768.950012
9/12/2018,768.111694,852492,11340.09961,776.049988
9/14/2018,776.920532,966980,11443.5,777.700012
9/17/2018,772.740051,723355,11464.9502,779
9/18/2018,757.162842,736331,11381.54981,760.200012
9/19/2018,722.076782,1293307,11326.65039,727
9/21/2018,682.412048,2686793,11271.29981,686.799988
9/24/2018,650.710144,1560015,11164.40039,653.700012
9/25/2018,658.374329,1833291,10969.9502,666.25
9/26/2018,659.469238,1226966,11145.54981,666
9/27/2018,642.697571,1905685,11079.79981,650.5
9/28/2018,608.9552,1729030,11008.09961,607.799988
10/1/2018,619.406372,1761726,10930.90039,618
10/3/2018,618.112427,1407086,10982.7002,611.099976
10/4/2018,615.026855,1321842,10754.7002,614.700012
10/5/2018,581.831909,1408254,10514.09961,585.900024
10/8/2018,553.713257,2238861,10310.15039,557
10/9/2018,565.15979,1813366,10390.29981,564
10/10/2018,586.410522,2180938,10331.84961,570.400024
10/11/2018,563.865845,1482613,10169.79981,572.5
10/12/2018,598.504028,1827076,10331.54981,604
10/15/2018,595.517944,848889,10524.2002,606
10/16/2018,635.929199,3826573,10550.15039,645
10/17/2018,615.076599,2445573,10688.7002,611.099976
10/19/2018,601.539795,1719936,10339.7002,607
10/22/2018,570.68396,1593082,10405.84961,565
10/23/2018,570.136536,1801752,10152.59961,578
10/24/2018,591.437073,1542764,10278.15039,581.099976
10/25/2018,567.299805,1309931,10135.04981,566
10/26/2018,567.050964,1538776,10122.34961,572
10/29/2018,588.699829,1204420,10078.09961,595.049988
10/30/2018,601.141724,1540361,10239.40039,607
10/31/2018,624.084534,3661287,10209.54981,645
11/1/2018,671.313904,5333152,10441.7002,679
11/2/2018,672.856689,2390937,10462.29981,674.099976
11/5/2018,674.349731,1189112,10558.75,678
11/6/2018,670.268799,1803631,10552,679.900024
11/7/2018,675.096191,182018,10614.4502,678
11/9/2018,661.509644,1345072,10614.7002,668.900024
11/12/2018,650.511047,1663676,10607.79981,651
11/13/2018,657.528259,1708423,10451.90039,662.5
11/14/2018,653.198547,1113685,10634.90039,658.5
11/15/2018,661.80835,1630689,10580.59961,669
11/16/2018,659.817627,1398739,10644,666.799988
11/19/2018,669.323181,1944087,10731.25,672.900024
11/20/2018,656.582703,1211705,10740.09961,663
11/21/2018,658.523621,1112032,10670.9502,662
11/22/2018,658.623169,2054841,10612.65039,665.049988
11/26/2018,668.57666,1629233,10568.29981,670
11/27/2018,686.144592,2340093,10621.4502,694
11/28/2018,678.828796,2893269,10708.75,688
11/29/2018,691.320435,1884539,10808.7002,700
11/30/2018,701.423218,2465495,10892.09961,719.799988
12/3/2018,703.861877,3026259,10930.7002,707
12/4/2018,693.211609,1180424,10877.09961,691.5
12/5/2018,656.18457,2049023,10820.4502,658
12/6/2018,627.568237,2220626,10718.15039,634.799988
12/7/2018,623.736206,2111303,10644.79981,601
12/10/2018,601.141724,1467963,10508.7002,586.099976
12/11/2018,621.34729,2087428,10350.04981,630.200012
12/12/2018,653.646423,1814464,10591,660.799988
12/13/2018,656.18457,1691637,10810.75,656
12/14/2018,661.70874,2133580,10784.5,665.049988
12/17/2018,668.079041,1552970,10853.2002,670
12/18/2018,669.870605,1039492,10850.90039,674.799988
12/19/2018,671.214355,1270324,10930.54981,671.450012
12/20/2018,690.076233,2358261,10885.2002,697.599976
12/21/2018,681.068298,2069870,10944.25,684.25
12/24/2018,669.67157,960411,10780.90039,669.900024
12/26/2018,678.6297,1569431,10635.4502,695
12/27/2018,684.104126,2878699,10817.90039,692
12/28/2018,698.586487,2138713,10820.9502,707.950012
12/31/2018,702.816711,1189097,10913.2002,708.5
1/1/2019,716.453003,3301665,null,721.5
1/2/2019,703.812073,4236232,10868.84961,708.25
1/3/2019,718.841858,3077959,10796.79981,726.700012
1/4/2019,720.484192,1987302,10699.7002,729.799988
1/7/2019,725.85907,1287541,10804.84961,731.400024
1/8/2019,727.750244,977880,10786.25,734.700012
1/9/2019,736.16095,1498650,10862.40039,739.950012
1/10/2019,741.1875,1296883,10859.34961,749
1/11/2019,750.046082,1539622,10834.75,752.5
1/14/2019,749.548401,1207539,10807,753.900024
1/15/2019,752.584229,1231150,10777.54981,758.400024
1/16/2019,734.269775,1254789,10899.65039,737
1/17/2019,730.387878,1195025,10920.84961,734.799988
1/18/2019,725.560486,838252,10914.84961,726.099976
1/21/2019,729.840454,1206601,10919.34961,730.200012
1/22/2019,717.448364,1103745,10949.79981,719.400024
1/23/2019,727.003784,1219553,10931.04981,729
1/24/2019,712.222778,1410155,10844.04981,718.299988
1/25/2019,699.780884,1767197,10859.75,704.950012
1/28/2019,671.911072,5177658,10792.4502,664
1/29/2019,641.154785,4948611,10653.7002,647
1/30/2019,654.592041,2198248,10702.25,658
1/31/2019,656.532898,1204112,10690.54981,673.849976
2/1/2019,674.797607,5112096,10851.34961,677
2/4/2019,675.394836,1186691,10876.75,677.25
2/5/2019,681.217651,2182433,10908.65039,688
2/6/2019,680.719971,1525781,10965.09961,683
2/7/2019,679.674805,1048778,11070.4502,681
2/8/2019,656.831543,1149514,11023.5,653
2/11/2019,633.540344,1620409,10930.90039,640
2/12/2019,607.910095,2587080,10879.7002,620.799988
2/14/2019,640.95575,2134636,10786.09961,643.799988
2/15/2019,635.33197,1338102,10780.25,639
2/18/2019,625.328735,941687,10738.65039,627.950012
2/19/2019,634.187378,1348696,10636.7002,641
2/20/2019,655.885986,2172700,10655.4502,657
2/21/2019,652.203186,1840968,10744.09961,653.950012
2/22/2019,652.551514,1323912,10782.7002,655.599976
2/25/2019,651.406921,964200,10813.25,649.200012
2/26/2019,657.826904,1754000,10775.29981,668
2/27/2019,660.265503,1788950,10881.2002,665
2/28/2019,654.542236,984388,10865.7002,672.599976
3/1/2019,670.91571,1699144,10842.65039,674
3/5/2019,709.535339,2573313,10864.84961,717.299988
3/6/2019,734.369324,2617615,11024.84961,739
3/7/2019,731.88092,1738751,11077.9502,731
3/8/2019,726.456238,885003,11038.84961,732.700012
3/11/2019,737.15625,1421911,11068.75,748.5
3/12/2019,794.388916,5722488,11231.34961,800
3/13/2019,784.335876,2604077,11326.2002,788
3/14/2019,796.03125,4097283,11382.5,805.549988
3/15/2019,796.827515,1976593,11376.84961,804
3/18/2019,782.444702,1818234,11473.84961,789.900024
3/19/2019,807.42804,3143560,11500.29981,814.400024
3/20/2019,817.729858,3530000,11553.34961,823.549988
3/22/2019,800.709412,3215852,11549.2002,800.799988
3/25/2019,785.032654,1218851,11395.65039,790
3/26/2019,800.808899,1949727,11375.2002,812.799988
3/27/2019,815.241516,2703553,11531.4502,815
3/28/2019,788.765198,2510900,11463.65039,803
4/1/2019,771.097778,2365917,11665.2002,770
4/2/2019,768.758667,2528629,11711.54981,774.099976
4/3/2019,764.13031,1651147,11735.29981,772
4/4/2019,767.464722,1059948,11660.2002,773.849976
4/5/2019,765.324707,965651,11638.40039,769
4/8/2019,757.113098,1270995,11704.34961,758.549988
4/9/2019,771.197266,1342599,11612.04981,775
4/10/2019,772.8396,1485707,11646.84961,779
4/11/2019,766.120972,1298312,11592.54981,770.049988
4/12/2019,783.738708,1413819,11612.84961,793.25
4/15/2019,782.643799,1006147,11667,791.950012
4/16/2019,785.779175,1419978,11736.2002,791.5
4/18/2019,766.917297,828737,11856.15039,766.900024
4/22/2019,752.733521,846198,11727.04981,757.900024
4/23/2019,741.685181,963287,11612.9502,743.599976
4/24/2019,751.091187,1194454,11601.5,752.900024
4/25/2019,745.666565,890524,11735.7002,750.150024
4/26/2019,730.686523,1033676,11683.75,734
4/30/2019,735.464233,1150991,11748.75,713.5
5/2/2019,677.684082,3306630,11725.54981,676
5/3/2019,662.156677,1942083,11722.59961,656.950012
5/6/2019,661.360413,1192463,11605.79981,666.200012
5/7/2019,645.733398,2782681,11651.5,643.599976
5/8/2019,624.831055,2824401,11478.7002,624
5/9/2019,607.014221,2209472,11322.40039,610
5/10/2019,595.21936,1659226,11314.15039,591
5/13/2019,570.037048,1915224,11258.7002,572
5/14/2019,569.688599,2649863,11151.65039,576.900024
5/15/2019,547.392822,2186826,11271.7002,545
5/16/2019,558.938843,3082335,11180.34961,563
5/17/2019,557.445801,2590970,11261.90039,577
5/20/2019,585.912903,2190498,11651.90039,596
5/21/2019,592.979858,3109337,11863.65039,599.75
5/22/2019,591.586304,1364058,11727.9502,610
5/23/2019,600.146362,3018241,11901.29981,609
5/24/2019,631.947815,3417071,11748,637.75
5/27/2019,635.132874,1664553,11855.5,640.5
5/28/2019,627.46875,1299143,11958.34961,630.400024
5/29/2019,615.524536,1973161,11905.79981,617.049988
5/30/2019,613.434265,1901625,11865.29981,619.400024
5/31/2019,595.169617,2251781,11999.79981,595
6/3/2019,602.93335,2888871,11953.75,601.049988
6/4/2019,600.196106,1739309,12052.65039,605.700012
6/6/2019,575.262634,1903377,12039.79981,575
6/7/2019,583.623535,1707953,11865.2002,590.900024
6/10/2019,578.64679,1438346,11934.90039,585.950012
6/11/2019,587.057495,1197677,11959.84961,586
6/12/2019,572.624939,1191214,11962.4502,575.299988
6/13/2019,577.750977,1241907,11873.90039,582
6/14/2019,556.798889,2352726,11910.09961,558.049988
6/17/2019,543.112793,1948100,11844,546
6/18/2019,533.706726,2566933,11677.04981,540
6/19/2019,521.264893,2138960,11744.4502,522
6/20/2019,548.786255,2137391,11653.65039,550
6/21/2019,548.139343,2130875,11827.59961,550.25
6/24/2019,549.0849,2076143,11725.79981,548.900024
6/25/2019,541.868652,2330881,11681,545
6/26/2019,550.826782,1929412,11768.15039,555.099976
6/27/2019,545.601196,2263982,11860.84961,547.25
6/28/2019,533.955566,1594061,11861.15039,538.099976
7/1/2019,567.598389,5295540,11839.90039,571.799988
7/2/2019,561.327698,3496672,11890.29981,567.5
7/3/2019,569.141174,2486710,11932.15039,573.400024
7/4/2019,568.245422,2375051,11928.79981,574.299988
7/5/2019,538.683472,2454490,11964.75,526
7/8/2019,516.984863,2560611,11770.40039,517
7/9/2019,533.059753,2750805,11531.59961,537.900024
7/10/2019,535.150024,1904896,11536.15039,536.5
7/11/2019,544.650024,1717974,11561.4502,543
7/12/2019,541.799988,2263227,11601.15039,542.5
7/15/2019,529.150024,1490673,11614.75,526.900024
7/16/2019,545.5,2140493,11596.65039,543
7/17/2019,539.099976,2171401,11670.75,539.700012
7/18/2019,529.150024,1544366,11675.59961,531.25
7/19/2019,508.850006,2162068,11627.9502,506.899994
7/22/2019,493.450012,3118889,11392.84961,493.450012
7/23/2019,502.100006,2494939,11372.25,502
7/24/2019,482.649994,2290395,11322.4502,483
7/25/2019,470.200012,2347765,11290.40039,470
7/26/2019,473.450012,2578951,11247.4502,463
7/29/2019,471.049988,4342971,11307.5,471
7/30/2019,459.899994,2700935,11213.7002,459.899994
7/31/2019,469.950012,2499892,11034.04981,463
8/1/2019,459.600006,2496272,11060.2002,458
8/2/2019,461.700012,2590839,10930.29981,452.700012
8/5/2019,458.799988,2138479,10895.79981,455.850006
8/6/2019,475.549988,2149273,10815.40039,476.950012
8/7/2019,459.399994,2644793,10958.09961,463
8/8/2019,482.100006,2283514,10899.2002,484.899994
8/9/2019,487.899994,3212827,11087.90039,488.399994
8/13/2019,461.649994,1770023,11139.40039,466
8/14/2019,465.200012,1965457,11003.25,464.899994
8/16/2019,467.799988,2129835,11043.65039,470
8/19/2019,464.450012,2003121,11094.79981,466.399994
8/20/2019,459.350006,1970622,11047.65039,459.899994
8/21/2019,449.399994,2568065,11018.15039,447
8/22/2019,432.649994,2082491,10905.29981,431
8/23/2019,453.649994,3276773,10699.59961,465.049988
8/26/2019,475.25,3374812,11000.29981,478.200012
8/27/2019,495.549988,4438933,11106.54981,495.549988
8/28/2019,492.75,2472300,11101.29981,490
8/29/2019,517.299988,3768229,10996.04981,517.200012
8/30/2019,510.200012,2845748,10987.79981,500
9/3/2019,491.600006,3224585,10960.9502,494.600006
9/4/2019,458.549988,6643879,10790.40039,460
9/5/2019,470.950012,3206144,10860.9502,474.200012
9/6/2019,485.799988,4462663,10883.79981,474.149994
9/9/2019,504.25,5130658,10936.7002,504.5
9/11/2019,530.700012,6227497,11028.5,533.099976
9/12/2019,523.150024,4121858,11058.29981,524
9/13/2019,535.099976,4000605,10986.79981,529.150024
9/16/2019,535.950012,3459753,10994.84961,533.200012
9/17/2019,503.549988,4577843,11000.09961,507
9/18/2019,512.849976,5308862,10872.79981,512.900024
9/19/2019,514.5,3378179,10845.2002,515
9/20/2019,567.650024,7996668,10746.79981,585.900024
9/23/2019,626.900024,7656525,11542.7002,630
9/24/2019,605.099976,5232659,11590.7002,602.099976
9/25/2019,587.599976,4001027,11564.84961,595.900024
9/26/2019,609.849976,6027022,11469.84961,610
9/27/2019,590.099976,3716000,11556.34961,593.799988
9/30/2019,580.349976,3304226,11491.15039,584.950012
10/1/2019,609.5,7420538,11515.40039,603
10/3/2019,619.25,5748420,11322.25,623.900024
10/4/2019,598.299988,4072996,11388.4502,600
10/7/2019,600.700012,3015084,11196.2002,597.099976
10/9/2019,608,4126707,11152.9502,604.900024
10/10/2019,603.650024,2962369,11280.5,607
10/11/2019,598,2296747,11257.7002,600
10/14/2019,612.650024,2808981,11335.90039,610.5
10/15/2019,630.150024,4512846,11360.84961,635
10/16/2019,629.599976,4057543,11464.9502,627.099976
10/17/2019,646.549988,3154940,11466.29981,648
10/18/2019,650.599976,2609263,11580.29981,645.150024
10/22/2019,645.150024,1874086,11657.15039,645.150024
10/23/2019,655.5,2103879,11596.2002,655.099976
10/24/2019,649.099976,2388592,11661.65039,645
10/25/2019,640,1995407,11646.15039,null
10/27/2019,null,null,null,644
10/29/2019,667.700012,2765790,11643.9502,670
10/30/2019,666.049988,2001190,11883.90039,666.900024
10/31/2019,659.349976,1989503,11890.4502,660
11/1/2019,657.549988,3266867,11886.59961,650
11/4/2019,648.599976,2481003,11928.90039,651.75
11/5/2019,652.549988,2796804,11974.59961,657.799988
11/6/2019,655.450012,1215811,11911.5,657
11/7/2019,647.900024,1223367,12021.09961,646
11/8/2019,653.75,2272682,11987.15039,653
11/11/2019,671.549988,2150609,11879.2002,672
11/13/2019,651.799988,1566431,11908.29981,656
11/14/2019,651.900024,1579736,11858.75,657
11/15/2019,658.299988,1540010,11904.2002,651
11/18/2019,659.650024,1061773,11915.15039,659.650024
11/19/2019,662.450012,1478836,11919.4502,663.5
11/20/2019,670.599976,3712448,12004.75,672
11/21/2019,652.25,1334686,12025.65039,651.799988
11/22/2019,648,1585264,11967.29981,648
11/25/2019,658.900024,1280262,11922.4502,662
11/26/2019,649.75,1745011,12110.2002,650.599976
11/27/2019,647.900024,1528229,12068.5,646.049988
11/28/2019,644.450012,1428911,12132.09961,644.5
11/29/2019,637.200012,1577102,12146.2002,641.349976
12/2/2019,662.5,3671314,12137.04981,658.25
12/3/2019,623,3666915,12067.65039,623.950012
12/4/2019,611.25,4544684,11969.9502,614.299988
12/5/2019,618.700012,2470825,12071.25,621.799988
12/6/2019,603.299988,1691015,12047.34961,605
12/9/2019,597.599976,1842220,11939.09961,601
12/10/2019,591.450012,1453472,11950.5,592
12/11/2019,595.849976,1491009,11867.34961,601
12/12/2019,598.299988,1485371,11944.29981,600
12/13/2019,617.049988,2856071,12026.40039,617.049988
12/16/2019,612.900024,1410143,12131.34961,616
12/17/2019,615.75,1601456,12082.4502,616.900024
12/18/2019,611.400024,1257704,12197,610
12/19/2019,622.650024,3705578,12223.40039,625.5
12/20/2019,625.700012,2922818,12266.4502,623.75
12/23/2019,624.900024,1042745,12235.4502,626.900024
12/24/2019,620.299988,1048855,12269.25,618.700012
12/26/2019,617.049988,1107648,12211.84961,619.200012
12/27/2019,623.450012,1303887,12172.90039,622.049988
12/30/2019,631.299988,2113071,12274.90039,633
12/31/2019,629.599976,1073628,12247.09961,630
1/1/2020,606.200012,4151641,12202.15039,606.200012
1/2/2020,618.900024,2294478,12198.54981,618
1/3/2020,620.849976,1663980,12261.09961,618
1/6/2020,607.299988,1480159,12170.59961,612.299988
1/7/2020,612.099976,1477019,12079.09961,607.75
1/8/2020,613.200012,1410819,11939.09961,618
1/9/2020,643.049988,3176353,12153.15039,645.799988
1/10/2020,646.849976,2338949,12271,648.900024
1/13/2020,652.849976,1654638,12296.7002,653
1/14/2020,673,2444903,12333.09961,672.950012
1/15/2020,678.049988,2003755,12349.40039,678.049988
1/16/2020,693.849976,2903400,12347.09961,693.799988
1/17/2020,705.799988,2465250,12328.40039,707
1/20/2020,713.099976,2185442,12430.5,710
1/21/2020,704,1297448,12195.29981,707.049988
1/22/2020,704.099976,1511919,12218.34961,704
1/23/2020,712.700012,1429046,12123.75,715.849976
1/24/2020,723.599976,3229205,12174.54981,718
1/27/2020,734.25,1985363,12197.09961,732.799988
1/28/2020,727.700012,1866552,12148.09961,731
1/29/2020,748,5632563,12114.90039,760
1/30/2020,818.349976,17118805,12147.75,801
1/31/2020,803.650024,7011082,12100.40039,775.200012
2/3/2020,847.150024,9868159,11627.4502,846.150024
2/4/2020,846.700012,5474373,11786.25,843
2/5/2020,855.299988,3123728,12005.84961,857
2/6/2020,856.349976,2324767,12120,855
2/7/2020,867.900024,3226182,12151.15039,866
2/10/2020,870.5,2523978,12102.34961,875.099976
2/11/2020,865.799988,2061948,12108.40039,867.5
2/12/2020,878.799988,1866659,12151,887.549988
2/13/2020,888.549988,3892194,12219.54981,887.200012
2/14/2020,883.049988,1701432,12190.15039,884
2/17/2020,885.650024,1663801,12131.79981,884.099976
2/18/2020,888.650024,1671898,12028.25,897
2/19/2020,909.849976,2945081,12090.59961,907.950012
2/20/2020,878.299988,9012079,12119,869
2/24/2020,836.849976,3789594,12012.54981,845
2/25/2020,830.25,2673083,11877.5,827.299988
2/26/2020,827.849976,2403134,11738.54981,825
2/27/2020,817.650024,2111101,11661.25,800
2/28/2020,780.099976,3514546,11382,820
3/2/2020,844.299988,8751507,11387.34961,853
3/3/2020,853,4629904,11217.54981,852
3/4/2020,830.950012,2487490,11351.34961,832.049988
3/5/2020,832.25,1905379,11306.04981,808.700012
3/6/2020,813.099976,1674717,10942.65039,804
3/9/2020,775.099976,2425098,10742.04981,774
3/11/2020,748.299988,2744882,10334.29981,690.25
3/12/2020,680.849976,2768831,10039.9502,616
3/13/2020,700.450012,2911795,9107.599609,652
3/16/2020,633.700012,2010918,9587.799805,641.299988
3/17/2020,648.900024,3343217,9285.400391,659.700012
3/18/2020,576.450012,3487427,9088.450195,539.900024
3/19/2020,573.599976,3261046,8063.299805,584.700012
3/20/2020,675.150024,5000515,8284.450195,607.650024
3/23/2020,550.75,2535401,7945.700195,594.099976
3/24/2020,633.75,3546324,7848.299805,577
3/25/2020,646.900024,2882806,7735.149902,647
3/26/2020,663.200012,2590067,8451,670
3/27/2020,654.799988,3385412,8949.099609,624
3/30/2020,601.599976,2084182,8385.950195,
